customer_id,firstname,surname,address_1,address_2,state,zip,email
anix3786,Ann,Nixon,511 Matthew Port,Lake James,South Dakota,46740,annnixon@aobell.com
kand5785,Kristi,Anderson,Unit 1147 Box 0697,DPO AA 33525,Georgia,79819,kristi.an@theandersons.com
mmar9823,Monica,Marquez,03773 Oliver Place Apt. 836,Hermanborough,Oklahoma,95796,monica.marquez@aobell.com
mjon9534,Michael,Jones,790 Fisher Spur,Amandaport,Arkansas,43498,m.jones@thejoness.com
sell5381,Samantha,Elliott,PSC 4802,Box 1507,Massachusetts,50762,samanthabear@theelliotts.com
apot1747,Abigail,Potter,902 Nicholas Rue,South Ricky,Kansas,38929,abigail.potter@aobell.com
tesc2350,Tammy,Escobar,307 Green Mountains,Lorifurt,Michigan,31970,tammy.escobar@coldmail.com
bhar3037,Brady,Harper,378 Dustin Run,Olivialand,New Mexico,37717,brady.ha@aobell.com
bbla6452,Briana,Black,95166 Brian Lock,Wrightfort,Massachusetts,19201,brianablack@theblacks.com
mall3283,Margaret,Allen,53876 Brown Stream Apt. 418,East Elizabethside,Oklahoma,69514,m.allen@aobell.com
wbro8468,Wendy,Brock,70374 Lisa Views Apt. 138,Taylorport,Colorado,30116,captainbrock@coldmail.com
jwar9412,Joshua,Ware,3275 Keller Viaduct Apt. 575,East Lawrencestad,South Carolina,40442,joshuacheese@hmail.com
kwil2956,Kimberly,Williams,9860 Reese Rue Suite 750,Weberborough,Michigan,15232,kimberlywilliams@coldmail.com
cols9089,Christopher,Olson,USNV Hernandez,FPO AP 09001,Hawaii,22837,c.olson@theolsons.com
gsex1060,Gina,Sexton,USNS White,FPO AP 53716,Arkansas,11037,g.sexton@hmail.com
bbai4744,Brittany,Bailey,757 Priscilla Junctions Suite 965,East Annamouth,North Carolina,79206,brittanymountain@thebaileys.com
krya5972,Kara,Ryan,8288 Justin Village Suite 659,Kellymouth,Wyoming,82213,kararyan@coldmail.com
jedw3608,Jose,Edwards,4712 Smith Overpass,Washingtonmouth,West Virginia,75880,jose.edwards@coldmail.com
jjac8781,Jodi,Jackson,1337 Clark Square Suite 998,West William,South Dakota,81950,jodijackson@hmail.com
njac4611,Nancy,Jackson,42487 Carter Alley Apt. 541,Lake Martha,Massachusetts,68678,nancycool@hmail.com
jali7686,Jennifer,Ali,3195 Wolf Glens,Yorkstad,Oregon,17384,jenniferali@coldmail.com
cbel5575,Christina,Bell,6458 Wesley Greens,South Alyssa,North Carolina,79976,tinybell@thebells.com
jsul3036,Jacob,Sullivan,5441 Kimberly Overpass,West Garyburgh,Idaho,30837,jacobreal@thesullivans.com
ghay9759,Gregory,Hayes,88435 Jeffrey Port Apt. 057,South Jennifer,South Carolina,15472,g.hayes@aobell.com
opar4024,Omar,Parker,737 Richard Estate,Port Taylorport,Nebraska,04177,o.parker@aobell.com
tguz3997,Tiffany,Guzman,92356 Myers Mount Apt. 230,South Justinville,Connecticut,39729,t.guzman@coldmail.com
cdav3507,Christina,Davis,18635 Smith Village,Michelleport,Iowa,03131,christinabear@hmail.com
rbax7227,Robin,Baxter,1552 Danielle Springs Suite 037,Pattyport,Arkansas,47206,darthbaxter@hmail.com
kwar6255,Kelsey,Ware,2796 Brian Drives Apt. 036,Michaelmouth,South Carolina,38003,kelseycheese@hmail.com
dken3207,Debra,Kennedy,1082 Swanson Square,Lake Laurenfort,Minnesota,62496,debra.kennedy@hmail.com
clop7720,Carolyn,Lopez,4102 Stephanie Plains Apt. 301,East Richard,Tennessee,85888,carolynlopez@coldmail.com
mwal8137,Michele,Wallace,39542 Michele Viaduct Apt. 497,Lake Jonathan,New Mexico,14870,michelewallace@aobell.com
cchr8393,Courtney,Christensen,90659 Henry Radial,Benderchester,Kentucky,03940,courtney.ch@hmail.com
mwil4855,Melissa,Willis,Unit 4568 Box 3784,DPO AP 81827,New York,09572,melissa.wi@coldmail.com
ehay9304,Emily,Hayes,4119 Silva Roads Apt. 173,Bradyland,North Carolina,83715,emilyreal@hmail.com
jlov4543,Joshua,Love,03666 Johnson Pines Apt. 614,Perezshire,Alaska,92658,joshua.love@coldmail.com
tleb3137,Tonya,Leblanc,943 Mitchell Spurs,North Antonio,New Hampshire,50058,tonyabear@coldmail.com
cweb5313,Christine,Webster,5607 Gina Mills,Lake Jeffstad,Arkansas,12272,darthwebster@thewebsters.com
nnob7828,Nicole,Noble,543 Bird Mountains Suite 082,Bruceview,Delaware,17216,nicole.no@coldmail.com
swil1308,Samantha,Wilson,651 Sandra Ford,Cookbury,Utah,29446,s.wilson@coldmail.com
lwil9639,Laura,Wilson,237 Robles Courts,West Robert,Utah,30597,tinywilson@aobell.com
cgar3718,Carol,Garcia,2523 Duncan Isle Apt. 404,East Edwardfort,Maryland,83197,carolgarcia@thegarcias.com
amar3693,Angela,Martin,28337 Mosley Ford Suite 320,New Brian,Vermont,45189,angela.ma@hmail.com
jdav4461,John,Davila,7327 Brown Springs Suite 591,New Caroline,Utah,76215,j.davila@hmail.com
mmcd2334,Michael,Mcdonald,161 Gordon Unions,Brandonstad,South Carolina,22048,michael.mc@hmail.com
dben3479,Deborah,Bennett,7489 William Garden Apt. 211,East Loriland,New York,35678,captainbennett@coldmail.com
rpie3275,Rachel,Pierce,48387 Abbott Stravenue Suite 215,Hallview,Louisiana,22700,rachelbear@coldmail.com
jmur5144,Jon,Murray,Unit 1948 Box 8444,DPO AE 07081,Washington,65222,joncool@themurrays.com
wtho6832,William,Thomas,97938 Peck Highway,Port Preston,Florida,26361,william.th@aobell.com
vwal2783,Veronica,Walters,Unit 1709 Box 1995,DPO AE 72575,Georgia,65930,veronicawalters@aobell.com
ljoh7730,Laura,Johnson,207 Kristi Stravenue Suite 703,Port Lindaton,North Carolina,15246,awesomejohnson@thejohnsons.com
thub1434,Thomas,Hubbard,074 Wayne Summit,Garrettshire,Georgia,48150,thomas.hubbard@aobell.com
mfor3460,Matthew,Ford,Unit 4082 Box 6879,DPO AE 88492,Nebraska,48053,captainford@coldmail.com
kham7014,Kimberly,Hampton,905 Sullivan Brooks Suite 025,Michaelberg,Minnesota,49871,generalhampton@coldmail.com
jhun7400,Janet,Hunter,9547 Melinda Mission,New Joseville,Indiana,24777,janethunter@aobell.com
pgro6406,Pamela,Gross,97509 Anthony Estates Suite 965,Shawnfort,Washington,60930,pamelacool@coldmail.com
cols3792,Charles,Olson,2496 Harris Trace,Julieland,Florida,92075,charles.ol@coldmail.com
lpal1855,Laura,Palmer,9703 Randall Estate,Lake Tracy,Maryland,24670,laurapalmer@coldmail.com
ahug2333,Anthony,Hughes,6497 Tara Via Suite 640,Lake Marissaport,New Mexico,59250,a.hughes@aobell.com
wmar3155,William,Martin,260 Barnes Point,West Rachelview,Indiana,41770,williamcheese@aobell.com
mflo4549,Meghan,Floyd,4729 Kayla Avenue Apt. 827,Garciatown,Georgia,62202,darthfloyd@hmail.com
crod7645,Christine,Rodriguez,0693 Brittany Fields Apt. 534,South Justinton,Kentucky,38578,christinemountain@coldmail.com
ccan7167,Carolyn,Cantu,11594 Sheri Rue,Lake William,Colorado,84413,admiralcantu@aobell.com
asex6549,Angela,Sexton,11973 Martha Mount,New Connieport,Virginia,64878,angela.se@coldmail.com
bjac5692,Brenda,Jackson,9183 Smith Ville Suite 446,Lake Robertville,New York,81288,brendajackson@thejacksons.com
ljoh8415,Lisa,Johnson,9771 Chapman Radial,South Raymond,Pennsylvania,52356,lisa.jo@hmail.com
eluc1888,Elizabeth,Lucero,7472 Crawford Drive Apt. 005,East Darrellchester,New Jersey,71842,elizabethlucero@theluceros.com
choo5334,Cindy,Hoover,PSC 8619,Box 9630,Georgia,21963,cindycheese@thehoovers.com
rhul1789,Rebecca,Hull,8783 Rodriguez Court Suite 953,Finleychester,Florida,93990,r.hull@aobell.com
cgre4382,Casey,Green,0613 Larry Parkway,Ashleyview,Florida,14858,caseyreal@thegreens.com
btho1404,Briana,Thompson,73475 Cheryl Garden Apt. 705,Johnnyhaven,Massachusetts,82477,brianareal@thethompsons.com
hvan2995,Heather,Vance,6952 Daniel Mission,East Benjamin,Texas,00562,captainvance@thevances.com
ejoh5136,Elaine,Johnson,USNV Garcia,FPO AP 52836,Texas,36532,elainecool@aobell.com
bwhi4671,Brittany,Whitaker,3447 Briana Circle,Morrisonmouth,Wisconsin,66114,captainwhitaker@aobell.com
egom7421,Elizabeth,Gomez,5541 Justin Via,Robertsonberg,Wisconsin,27504,elizabethgomez@thegomezs.com
jcun3796,Joe,Cunningham,6554 Jordan Spur,Bowerschester,North Dakota,57185,joe.cunningham@aobell.com
scar6710,Steven,Carpenter,838 Smith Square Suite 582,Adamshaven,Louisiana,34105,stevencarpenter@thecarpenters.com
sfar5274,Stephanie,Farmer,034 Vanessa Hill,Greenland,South Carolina,50195,darthfarmer@aobell.com
coch8240,Cynthia,Ochoa,880 Noble Tunnel,Lake Aaronchester,Illinois,77950,cynthiaochoa@hmail.com
rnas3225,Rachel,Nash,3939 Christopher Lane Suite 872,Bruceberg,Vermont,22959,r.nash@aobell.com
rsch7992,Rachel,Schmidt,5424 Adams Throughway Suite 138,North Jeffrey,Arkansas,45644,r.schmidt@coldmail.com
dcar3978,Desiree,Carter,050 Sullivan Ranch Apt. 680,West Tiffanyshire,West Virginia,87346,desireecarter@hmail.com
drob6310,Douglas,Roberts,17723 Jacobs Drive Apt. 586,Greerchester,South Dakota,84855,darthroberts@aobell.com
hwil9977,Hunter,Williams,99588 Zachary Village,Hessville,New York,03313,hunter.wi@coldmail.com
dsan7163,Daniel,Santos,0373 Dawn Lodge,Port Rickyton,Rhode Island,45311,tinysantos@coldmail.com
dmat5915,Donald,Mathis,80643 Montgomery Brooks,West Jason,Kentucky,98569,donaldreal@coldmail.com
jpow6355,Jessica,Powell,8454 Debra Neck,Brianshire,Louisiana,70466,jessica.powell@aobell.com
mrey4786,Margaret,Reynolds,0269 Rodriguez Bypass Apt. 823,Suttonstad,Oregon,93858,margaretreynolds@thereynoldss.com
lhow1157,Leah,Howell,58539 Jonathan Fields,Lake Isaiah,Wyoming,24113,l.howell@aobell.com
pcla1473,Paul,Clark,48908 Andrews Highway,Aaronview,Massachusetts,18661,p.clark@theclarks.com
rpar5425,Rebecca,Parker,15743 Woods Summit Suite 813,New Brianberg,South Carolina,50141,rebecca.parker@aobell.com
ejac8755,Eric,Jackson,4916 Daniel Locks Suite 182,New Dianaview,South Carolina,53535,ericjackson@coldmail.com
rcoc7166,Richard,Cochran,126 Susan Motorway Suite 798,Port Timothyport,Nebraska,55650,r.cochran@aobell.com
ddun7022,Denise,Dunlap,34603 Lewis Landing,South Patrick,Nebraska,28473,d.dunlap@hmail.com
jmil7216,Joseph,Miller,09499 Ashley Shores,Lake Christie,Maine,94561,j.miller@hmail.com
tall2011,Tonya,Allen,Unit 6998 Box 9623,DPO AP 76209,Ohio,62236,admiralallen@hmail.com
lche8359,Lisa,Chen,66731 Black View Suite 702,West Sean,South Carolina,33611,lisachen@aobell.com
dsco1241,Daniel,Scott,86028 Riley Branch,West Jameshaven,North Dakota,54573,danielcheese@coldmail.com
mgar7833,Mark,Garcia,617 Miller Corner,New Albert,South Carolina,18483,admiralgarcia@coldmail.com
jwhi1342,Jessica,White,8677 Michele Circles,South Taylor,Maine,03884,jessica.white@hmail.com
asto3428,Austin,Stone,6011 Evans Ville Suite 390,Lake Elizabethmouth,Rhode Island,29271,austinstone@aobell.com
rhin1697,Renee,Hines,653 April Mountain Suite 438,Mayerville,Nevada,58396,renee.hi@thehiness.com
jmcm6900,Johnathan,Mcmahon,552 Clarke Way,North Deborahburgh,Pennsylvania,74055,j.mcmahon@themcmahons.com
rgon5709,Rachael,Gonzales,457 Alicia Club Suite 648,Hartfort,Nebraska,50784,rachael.gonzales@hmail.com
vdan1899,Victoria,Daniels,627 Isaac Forges Apt. 932,Stephaniefurt,New York,96899,admiraldaniels@hmail.com
ajoh3820,Angela,Johnson,820 Jessica Shoals Suite 086,Lake Mark,Mississippi,32407,angelamountain@aobell.com
jwal3783,Jill,Walters,730 Bradshaw Shore Apt. 897,East Darin,Connecticut,10553,jill.wa@hmail.com
ebro2985,Edward,Brown,PSC 1485,Box 0343,Connecticut,31468,edwardreal@aobell.com
mfly5333,Melvin,Flynn,0770 Katrina Hollow,West Danielfort,Mississippi,19609,m.flynn@coldmail.com
jdav6115,Jeffrey,Davis,06657 Kim Meadow,South Matthewmouth,Michigan,93914,jeffreydavis@hmail.com
moch1274,Mary,Ochoa,6435 Patrick Manor,Clarkstad,Alaska,61655,mary.oc@aobell.com
ajon4015,Andrew,Jones,27888 Delgado Gardens Suite 004,Port Vincentside,Maine,17649,generaljones@thejoness.com
kbar2466,Kelli,Barker,19400 Robert Light Apt. 606,Boydtown,Pennsylvania,44798,kelli.barker@coldmail.com
cfra8549,Charles,Frank,59890 Erica Camp,Hillhaven,West Virginia,84005,c.frank@coldmail.com
msha8332,Mark,Shaw,Unit 7834 Box 4264,DPO AA 53215,Michigan,45868,supershaw@aobell.com
jcha1418,Jason,Charles,7035 King Skyway Apt. 356,Darrenstad,South Dakota,27394,jason.ch@hmail.com
kwil4751,Katelyn,Wilson,77037 Skinner Stravenue,Katelynfort,Tennessee,17431,captainwilson@thewilsons.com
djoh9421,Donna,Johnson,504 Chen Drive,East Lori,Delaware,67331,donnabear@aobell.com
jmor2906,Jamie,Morales,4882 Richard Plaza Apt. 374,North Kelseyland,Maine,93533,generalmorales@coldmail.com
mgon9946,Melissa,Gonzalez,Unit 4998 Box 9292,DPO AE 95476,Vermont,99091,melissagonzalez@thegonzalezs.com
dkid3661,Derek,Kidd,083 Brown Manors,New Adrian,Maryland,78327,captainkidd@thekidds.com
rmit5646,Ronald,Mitchell,38739 Elizabeth Lakes Suite 372,Lake Christina,Nevada,27773,ronaldmitchell@aobell.com
lben7441,Laura,Bennett,USNV Larson,FPO AE 61742,Vermont,59933,l.bennett@hmail.com
cwil6194,Colton,Williams,1684 Hopkins Keys Apt. 894,Territon,Ohio,19449,coltonwilliams@aobell.com
dhod8489,Daniel,Hodges,9041 Tamara Forks,New Jeffport,Indiana,27841,daniel.hodges@hmail.com
wros4233,William,Ross,804 Rose Center Apt. 395,North Loriborough,Massachusetts,33867,generalross@hmail.com
jros8388,Jane,Ross,9043 Mitchell Locks,Erikafurt,Louisiana,99869,jane.ro@aobell.com
jkel4831,Justin,Kelly,208 Carolyn Pass Apt. 869,Jenniferport,Nebraska,86271,justin.kelly@hmail.com
psmi4137,Patricia,Smith,85907 Cindy Circle,Diazmouth,Nebraska,19401,patricia.smith@thesmiths.com
cest1047,Christina,Estrada,Unit 5568 Box 5198,DPO AP 17988,Utah,39143,captainestrada@theestradas.com
mlee5438,Melissa,Lee,858 Jacqueline Ville,Mccallburgh,North Dakota,64650,melissa.le@hmail.com
lsmi9364,Linda,Smith,2976 Johnson Coves Apt. 982,Jonathanview,Kansas,52263,lindamountain@thesmiths.com
hfer7242,Hector,Ferguson,75042 Jerry Overpass Suite 482,Thomasfort,Oregon,38064,captainferguson@thefergusons.com
dwil1488,Debbie,Williams,06828 Jones Estates Apt. 030,Samanthastad,Tennessee,34244,debbiereal@thewilliamss.com
dbre8277,Dale,Brennan,PSC 5255,Box 2531,Utah,94497,dale.br@thebrennans.com
eort8576,Emily,Ortiz,PSC 6959,Box 0027,Montana,29816,superortiz@coldmail.com
afre6980,Austin,Freeman,78986 Dennis Knolls,West Anthonyberg,Arkansas,77472,austin.fr@coldmail.com
vort5693,Vanessa,Ortiz,5217 John Expressway,Robinsonburgh,New Jersey,58178,vanessa.ortiz@aobell.com
swan2458,Sara,Wang,PSC 0515,Box 7575,Connecticut,94778,sara.wang@coldmail.com
sbro1792,Sharon,Brown,969 Jennifer Oval Apt. 984,North Julieburgh,North Dakota,54666,superbrown@aobell.com
jsny9839,Jennifer,Snyder,69258 Chung Freeway Apt. 303,Barbarafurt,Maine,29839,jennifercheese@aobell.com
jwoo5097,Jennifer,Woodward,PSC 4119,Box 2507,Utah,35614,jennifercool@hmail.com
bgue1672,Beth,Guerrero,8963 Dorsey Skyway,Mcdonaldchester,New Jersey,51069,b.guerrero@aobell.com
sjen8145,Sabrina,Jensen,084 Johnson Island Apt. 132,Lake Sarahton,Nevada,53066,s.jensen@hmail.com
ccol3957,Courtney,Collins,PSC 5904,Box 6016,North Dakota,70532,courtneymountain@thecollinss.com
lsan5446,Lori,Sanders,361 Diaz Parks Suite 075,South Michael,Alabama,69672,l.sanders@aobell.com
stay9811,Sonia,Taylor,76434 Gould Lights,East Joshua,Hawaii,96912,s.taylor@coldmail.com
cbur2657,Christopher,Burnett,544 Ellen Tunnel,Schneiderfurt,Georgia,47173,awesomeburnett@coldmail.com
sobr1847,Shannon,Obrien,USS Barber,FPO AP 13215,Illinois,58100,shannon.obrien@aobell.com
shan6887,Stephanie,Hanson,578 Fox Parks Suite 051,Kyleberg,Kansas,86736,stephaniehanson@aobell.com
wrob9300,William,Roberts,480 Fisher Key Apt. 154,Lindseybury,Hawaii,64898,generalroberts@hmail.com
cmar8996,Christopher,Martinez,154 Veronica Road Suite 588,Cervantestown,Oregon,79093,christopherbear@themartinezs.com
pgue2126,Paul,Guerra,3413 Baker Gardens,North Tylerborough,Maryland,75531,p.guerra@coldmail.com
aweb1774,Angela,Weber,23651 Amanda Wall Suite 986,New Ashleyville,Montana,16331,angelabear@thewebers.com
smor9956,Stephen,Morris,73856 Michael Isle,East Rodneyville,Nevada,33098,stephenmorris@themorriss.com
lweb8308,Lisa,Webb,11347 Jennifer Hill Apt. 259,East Willie,Georgia,98674,l.webb@coldmail.com
mmar4707,Michele,Martin,126 Juan Center,South Jessicaport,Minnesota,13915,m.martin@themartins.com
mdun1629,Morgan,Dunlap,74536 Jenkins Lights,Lake Mariamouth,Louisiana,68728,morgan.dunlap@coldmail.com
amat7917,Andrea,Mata,PSC 2675,Box 9488,Connecticut,25294,andrea.ma@coldmail.com
vram2665,Victoria,Ramirez,03880 Newton Avenue Apt. 513,Port Chad,Montana,74852,victoriamountain@theramirezs.com
mort9362,Marcus,Ortiz,3579 Jennifer Isle,Port Marcia,Maryland,40269,m.ortiz@hmail.com
rpac4940,Robert,Pacheco,07267 Harris Loop,Kelseyfurt,Idaho,19113,robertpacheco@thepachecos.com
cgal2722,Christine,Gallegos,64907 Anita Mountains,Carsontown,Arkansas,95821,christinegallegos@thegallegoss.com
amed3229,Andre,Medina,95034 Eugene Trail,Lake Eric,Illinois,54056,a.medina@aobell.com
jell9446,Joel,Elliott,6279 Jessica Radial,South Michaelside,New York,31414,joel.elliott@coldmail.com
evau6573,Edgar,Vaughn,70893 Shannon Lodge Suite 039,Lake Allisonshire,Massachusetts,96956,edgar.va@aobell.com
wrob9297,William,Roberts,86416 Aaron Mountains Suite 989,West Jacobtown,Wyoming,23003,williamroberts@hmail.com
swar4603,Sandra,Ware,5319 Adams Mission,Hotown,Georgia,12111,sandramountain@thewares.com
jrob4936,John,Robinson,7768 Guerrero Road,East Jamesstad,Colorado,30112,john.robinson@hmail.com
mmcc3245,Megan,Mcclain,3680 Harmon Views Suite 864,Cookland,Michigan,76406,generalmcclain@hmail.com
jmay2989,Justin,Mays,1063 Christy Mews,North Johnhaven,North Dakota,97834,justinmays@themayss.com
eodo4935,Erica,Odonnell,49991 Nicole Spring Suite 855,Evansshire,Arkansas,93176,erica.odonnell@aobell.com
cfos4259,Cheyenne,Foster,3788 Jessica Port,Leeton,Florida,68416,cheyennemountain@hmail.com
bpat7385,Brian,Patel,18876 Moore Via Apt. 052,Susanport,New Mexico,83069,superpatel@thepatels.com
amar8355,Abigail,Martinez,667 Johnson Mountain,Jessicaland,Colorado,19952,abigail.ma@hmail.com
bfre4895,Brian,Freeman,81944 Joshua Forges Suite 656,South Thomasville,Alaska,86700,brianreal@hmail.com
ewhi2181,Emily,White,629 Carlson Parks Suite 502,South Candace,Utah,69324,emilywhite@coldmail.com
csmi7741,Clarence,Smith,79878 Newman Island,North Williamview,Kentucky,23861,clarencebear@hmail.com
smar5290,Shannon,Marquez,3771 Matthew Dale,South Angela,Illinois,66582,shannon.marquez@aobell.com
kgar4494,Katherine,Garcia,871 Jimenez Walks,Marctown,Minnesota,62589,katherine.ga@coldmail.com
acop6677,Amanda,Copeland,5081 Robertson Springs,Port Jessicastad,Nevada,70841,amandacheese@hmail.com
blop2963,Bonnie,Lopez,5746 James Stream,East Robin,Iowa,92670,bonniecheese@hmail.com
kric1671,Kimberly,Richardson,1684 Shields Stravenue Apt. 165,West Andrew,Florida,70523,kimberly.richardson@coldmail.com
jhil7997,Jessica,Hill,89531 Timothy Points,Port Victoriamouth,Massachusetts,59848,j.hill@coldmail.com
jrio6771,Jasmine,Rios,01015 Morton Island Suite 453,Lake Robertfurt,Maryland,90088,jasmine.ri@therioss.com
afra2488,Anthony,Frazier,284 Russell Stravenue Apt. 613,North Jason,Arizona,03643,anthonycool@coldmail.com
kedw8201,Krista,Edwards,824 Sarah Lakes,Garciaton,North Dakota,75610,krista.ed@hmail.com
jmil8583,Jeffrey,Miller,24620 Scott Springs,Janeview,Kansas,17572,jeffrey.miller@coldmail.com
rhar7095,Ryan,Harris,24307 Charles Turnpike,Heatherview,Colorado,63306,r.harris@coldmail.com
ccas1435,Cynthia,Castillo,0004 Garcia Stream Suite 483,Whitakerstad,Tennessee,25385,cynthiacastillo@coldmail.com
ssim4326,Stephanie,Simmons,9788 Richard Dale,Jamesburgh,Kansas,93284,s.simmons@thesimmonss.com
kbar4490,Kristen,Barnes,USNS Smith,FPO AP 19510,Nevada,23009,kristen.barnes@thebarness.com
rjoh5111,Randy,Johnson,PSC 5676,Box 3442,Texas,92067,randyjohnson@thejohnsons.com
ccon9437,Charles,Contreras,333 Morgan Island,South Jonathan,Nebraska,84211,charlesbear@thecontrerass.com
ksan6039,Katie,Sanders,5097 Cruz Curve,Suzanneborough,Iowa,25813,awesomesanders@aobell.com
bsmi8077,Brittany,Smith,76841 Benjamin Mountains,Garcialand,Nebraska,43830,brittany.smith@coldmail.com
rpar5415,Rachel,Parker,7255 Thomas Village Apt. 267,Melindaport,Pennsylvania,86910,r.parker@coldmail.com
kfie9560,Kim,Fields,86917 Young Ford,West Erik,Missouri,60794,tinyfields@aobell.com
ksum1171,Kristen,Summers,9133 Johnson Underpass,West Anthonychester,Georgia,97470,kristen.summers@thesummerss.com
rtur2268,Roger,Turner,86971 Jennifer Motorway Suite 489,Elizabethhaven,Kentucky,79879,rogermountain@coldmail.com
irod6865,Ivan,Rodriguez,3237 Mills Point Apt. 475,Alyssabury,Minnesota,34929,i.rodriguez@aobell.com
dwil1788,Danielle,Williams,PSC 5494,Box 2355,Kentucky,17098,tinywilliams@thewilliamss.com
mmor6875,Michael,Morales,632 Thomas Views Suite 877,North Brianmouth,Massachusetts,37846,michael.morales@themoraless.com
vsmi9286,Vincent,Smith,83091 Franklin Passage Suite 010,Port Joanchester,Colorado,07125,vincentsmith@hmail.com
agre5909,Amber,Greene,368 Molly Rue Apt. 257,Paulabury,Alaska,15562,amber.greene@coldmail.com
vcoo9009,Vickie,Cooper,311 Thornton Spurs,South Jacob,South Carolina,09568,vickie.cooper@aobell.com
djoh3451,Debra,Johnson,754 Gregory Common Apt. 420,Roberthaven,New York,64182,superjohnson@hmail.com
kban1046,Kathryn,Banks,29603 Woodard Spring Apt. 517,North Victoriamouth,Michigan,66197,admiralbanks@aobell.com
lle9041,Leslie,Le,2050 Monica Divide,South Kristinborough,Kentucky,65082,lesliecool@hmail.com
ecoo5679,Eric,Cooke,2322 Carter Haven Suite 884,Christopherbury,New Hampshire,17669,supercooke@thecookes.com
ling1650,Leslie,Ingram,373 Debra Points,Cookshire,South Carolina,63565,admiralingram@hmail.com
dpet4012,Daniel,Peterson,3687 Chambers Roads,Patriciaview,North Dakota,73831,daniel.peterson@thepetersons.com
wmay3461,Wanda,May,35006 Blake Inlet Suite 710,Kevinland,Idaho,59851,wanda.ma@coldmail.com
jmor8585,Jillian,Morgan,59292 Foster Vista Suite 628,South Sydneyburgh,North Dakota,54295,jillianmorgan@themorgans.com
ebro4438,Erica,Brown,9645 Jeffrey Green Suite 937,New Kenneth,Massachusetts,49501,ericacool@aobell.com
csmi2513,Christine,Smith,77213 Smith Spring Apt. 057,East Lindashire,Wisconsin,05461,christinesmith@thesmiths.com
spet6482,Stephanie,Petersen,9972 Paul Village Suite 851,Stephensside,Florida,40428,stephanie.pe@hmail.com
wkey5330,Wendy,Key,80252 Hall Inlet Apt. 753,Smithbury,Colorado,03592,wendy.ke@thekeys.com
abai6393,Amy,Bailey,11604 Page Extension Suite 545,Schultzland,California,11772,amybailey@coldmail.com
apec6345,Anita,Peck,7984 Evans Club,Watkinsfurt,Washington,03059,anita.peck@coldmail.com
pree3388,Phyllis,Reeves,7397 Mary Villages,Colebury,Wisconsin,30989,phyllis.reeves@aobell.com
sgar5328,Steven,Garcia,PSC 0398,Box 2019,New Jersey,79011,stevenmountain@aobell.com
jlop2159,John,Lopez,519 Cannon Summit Suite 063,Lake Tiffany,Oklahoma,98702,johnlopez@aobell.com
tril8911,Tracey,Riley,26801 Rodriguez Gardens Apt. 094,Kathleenberg,Alaska,91228,t.riley@hmail.com
ntay9985,Nathan,Taylor,04750 Corey Viaduct,Johnsonshire,Rhode Island,10936,nathanreal@aobell.com
ljoh2872,Lori,Johnson,395 Matthew Islands Apt. 156,Smithview,Utah,73634,loricheese@hmail.com
jmil1895,Jessica,Mills,5722 Lisa Wall,Hansenshire,California,81157,j.mills@aobell.com
msco1750,Michael,Scott,49386 Fowler Landing Suite 846,North Timothy,Nevada,89376,michael.scott@hmail.com
kree2119,Kathryn,Reese,56872 Dawn Trafficway,Russellburgh,Vermont,51484,kathryn.reese@thereeses.com
mvel4632,Matthew,Velazquez,37396 Andrew Plaza Apt. 235,South Karenchester,New Hampshire,96043,matthewvelazquez@coldmail.com
ealv5118,Eduardo,Alvarado,705 Bernard Turnpike,Perkinsfurt,New York,09190,eduardo.al@coldmail.com
nadk6499,Nancy,Adkins,816 Anthony Terrace,West Sharon,Virginia,12334,nancyadkins@aobell.com
hrod2389,Heather,Rodriguez,9015 Jones Club Suite 239,Debrabury,New Jersey,70342,heatherrodriguez@therodriguezs.com
vjon2299,Vanessa,Jones,66949 Jane Cape Apt. 293,Dianahaven,West Virginia,98994,v.jones@aobell.com
kund4567,Kyle,Underwood,1832 Susan Shoals,West Kyletown,Maryland,24619,kyle.underwood@hmail.com
cbro6452,Crystal,Brooks,441 James Causeway Apt. 319,South Brandon,Pennsylvania,05932,crystalreal@hmail.com
cper8080,Christine,Perry,816 Ryan Grove Suite 721,North Nathanville,Washington,69140,christine.pe@aobell.com
rhar7920,Robert,Harmon,8017 Riley Street Suite 751,Lake Ericastad,California,97706,r.harmon@hmail.com
thaw4194,Teresa,Hawkins,0336 Clark Mall Apt. 004,West Emily,New Mexico,10371,t.hawkins@coldmail.com
csha9320,Colin,Sharp,88916 Wesley Ford Apt. 147,Millerfurt,New York,97267,colin.sharp@aobell.com
twas4361,Teresa,Washington,1012 Cruz Trail Suite 865,Floresfurt,Nevada,59357,teresabear@aobell.com
javi4975,John,Avila,2915 Brown Spur,Port John,Colorado,96528,john.av@aobell.com
norr2330,Natalie,Orr,2338 Holland Forge Suite 657,Jacobside,Virginia,32082,natalieorr@aobell.com
fjoh8557,Frank,Johns,69469 Nguyen Mountains Apt. 303,Donaldport,Washington,78295,f.johns@thejohnss.com
rben9221,Rebecca,Benton,372 George Skyway Apt. 872,Rebeccamouth,Arizona,92452,rebecca.be@coldmail.com
sleo4624,Stacey,Leonard,0070 Victor Burg,West Kelli,Oregon,81574,captainleonard@aobell.com
jcar9397,Jason,Carter,05191 Michael Corner,Schwartzfurt,Oklahoma,30468,jasonbear@thecarters.com
nroj3248,Nathaniel,Rojas,29602 Price Mission,South Kristinbury,Nevada,86754,generalrojas@aobell.com
cwol6223,Christina,Wolf,290 Ryan Highway Suite 332,West Johnberg,New Mexico,13454,captainwolf@coldmail.com
ashe2325,Allison,Shepherd,7821 Martin Club Apt. 816,South Alicia,Maine,43617,allison.sh@coldmail.com
jhil8905,Jennifer,Hill,586 Isaac Isle,East Ricky,Georgia,00515,jennifer.hi@coldmail.com
sbro8866,Sarah,Brown,68732 Nunez Canyon,Fuentesmouth,Indiana,03925,awesomebrown@thebrowns.com
jodo4279,Jacob,Odonnell,70172 Cruz Circles Apt. 076,New Julie,Maine,80976,jacobreal@aobell.com
apal3493,Angela,Palmer,87270 Murray Shoal Suite 625,Kendrashire,South Carolina,20346,angelamountain@coldmail.com
mher3508,Martha,Hernandez,0891 Elizabeth Road,Lake Darrenton,Nevada,99544,martha.hernandez@hmail.com
lnun4558,Laurie,Nunez,239 White Groves,Kelliborough,Mississippi,44402,laurienunez@coldmail.com
mkei3271,Madison,Keith,049 Ashley Falls Suite 837,Gallowayport,Utah,39890,generalkeith@coldmail.com
pros8441,Pamela,Ross,12202 Bob Islands,South Courtney,Minnesota,43115,pamela.ross@hmail.com
lros1767,Lauren,Rosario,51608 Karen Divide Apt. 239,Hansonport,Arizona,18541,laurencool@aobell.com
khen7690,Kevin,Henderson,Unit 3445 Box 8096,DPO AA 62505,Nevada,51194,kevin.he@coldmail.com
dgre9674,Doris,Greene,PSC 0262,Box 4474,Michigan,55186,admiralgreene@coldmail.com
kmed2532,Katelyn,Medina,222 Brittany Route Apt. 841,West Caleb,Oregon,35441,supermedina@themedinas.com
tluc5244,Timothy,Lucas,0014 Taylor Key Apt. 255,Christinaton,Oregon,25356,timothy.lucas@aobell.com
sphi3969,Shari,Phillips,006 Howell Mills Apt. 384,Wilsonfurt,Arkansas,26415,shari.ph@aobell.com
rmur5217,Russell,Murray,21326 Jackson Gateway,Curtisberg,New Mexico,10924,r.murray@hmail.com
rwar7354,Roger,Warner,356 Barbara Mountains Apt. 582,Mccoyport,Wisconsin,80243,rogermountain@hmail.com
yriv7427,Yvette,Rivers,95368 Peter Meadow,North Louismouth,Maine,02820,yvetterivers@aobell.com
jcas7843,Jessica,Castaneda,784 Gould Path,Nicolemouth,Hawaii,04443,jessicacheese@thecastanedas.com
bvar5904,Bridget,Vargas,9201 Martin Locks,North Matthew,Alabama,14646,bridgetvargas@aobell.com
amur1365,Ashley,Murphy,41981 Nguyen Route,Palmerland,South Carolina,24089,ashleymurphy@coldmail.com
dwas3618,Daniel,Washington,3881 Wu Crest,Jamestown,Oklahoma,32544,darthwashington@hmail.com
agon4578,Angela,Gonzalez,518 Murphy Pass,Abigailstad,Pennsylvania,95412,angela.gonzalez@coldmail.com
ctho9721,Carolyn,Thompson,9538 Timothy Vista,Michaelland,North Carolina,85337,c.thompson@hmail.com
aben2185,Alexander,Bennett,PSC 2906,Box 9252,Indiana,11889,alexanderbennett@aobell.com
dmor9501,Dawn,Mora,6924 Rodriguez Ridge Apt. 068,Millerton,Iowa,15350,admiralmora@aobell.com
arog6916,Alexis,Rogers,757 Soto Terrace,Adamsshire,Michigan,21681,admiralrogers@aobell.com
mhat4325,Matthew,Hatfield,3280 Leslie Walk Apt. 729,Dillonbury,Massachusetts,69222,matthew.ha@thehatfields.com
kcoo5144,Kimberly,Cooper,752 Park Trace Suite 497,Lake Kristie,Idaho,90057,kimberly.cooper@thecoopers.com
jrus3925,Joseph,Russell,1296 Sandra Brooks,East Margaret,South Carolina,15375,josephrussell@hmail.com
tada4665,Tammy,Adams,371 Carlos Mountain Suite 859,Bondville,South Carolina,40868,tammybear@aobell.com
dste4388,Danielle,Stevens,24999 Dorothy Court,Montoyamouth,Ohio,04427,danielle.stevens@aobell.com
vbut8792,Valerie,Butler,72878 Trevor Points,New Nichole,South Carolina,08240,valerie.butler@aobell.com
kcam9343,Kristina,Campbell,USNS Cruz,FPO AE 62870,New Mexico,69883,admiralcampbell@thecampbells.com
dwhi8223,Donna,White,39634 Michael Greens,South Christopherborough,Montana,14721,donna.white@coldmail.com
ewal9280,Emma,Walker,403 Rodriguez Walks,Cassandraport,South Carolina,75293,emma.wa@aobell.com
tbur1180,Tracy,Burns,600 Duran Haven,North Davidside,Minnesota,59785,tracycool@coldmail.com
agar7859,Adam,Garcia,Unit 2473 Box 4223,DPO AP 49328,Oregon,80353,adam.ga@coldmail.com
ldun2203,Laura,Duncan,0769 Jack Stravenue,Wesleyland,Missouri,19548,laura.duncan@theduncans.com
nmar8336,Nancy,Martinez,USS Foster,FPO AA 09774,Rhode Island,17030,n.martinez@themartinezs.com
choo1795,Christopher,Hood,Unit 8749 Box 3326,DPO AE 31338,Oregon,79949,christopherhood@coldmail.com
rkli2405,Rebecca,Kline,990 Murphy Forks Suite 620,Johnsonside,Indiana,61219,r.kline@hmail.com
gwei4460,Gina,Weiss,6900 Jonathan Groves Suite 769,Brentport,Hawaii,75901,g.weiss@coldmail.com
sdav1633,Samantha,Davidson,92800 Angela Garden,Brittneystad,Massachusetts,86754,samanthadavidson@hmail.com
slaw6591,Shane,Lawson,46476 Kimberly Islands,Lake Seth,New York,47800,shanelawson@aobell.com
sfit9074,Sheila,Fitzgerald,808 Bell River,North Guyburgh,Maine,26495,sheilacool@thefitzgeralds.com
ccoo6682,Chelsea,Cook,6471 Castro Village,Jonesport,South Carolina,64386,chelseareal@thecooks.com
swhi8582,Steve,White,11592 David Plaza Apt. 561,Ericton,Pennsylvania,57610,stevecheese@coldmail.com
khun6690,Kelly,Hunter,655 Eugene Springs Suite 311,East Haroldberg,North Dakota,02581,k.hunter@coldmail.com
psmi7639,Patrick,Smith,6101 Nelson Streets Apt. 045,East Shawnmouth,Rhode Island,12604,patrickcheese@hmail.com
lmos7559,Lisa,Moses,2375 Curtis Ferry Suite 500,Robertbury,Arizona,11520,lisareal@themosess.com
pmor3381,Patricia,Moreno,960 Michael Trail,Lake Lisa,New Hampshire,68648,patriciamoreno@themorenos.com
jnel9959,Jennifer,Nelson,522 Martin Trail,Mitchellport,Missouri,73707,j.nelson@thenelsons.com
jand6353,Jocelyn,Anderson,PSC 4453,Box 0641,Kentucky,74842,jocelyn.anderson@coldmail.com
mjon4420,Michelle,Jones,56207 John Tunnel Apt. 881,Port Katherinebury,Nebraska,52965,michelle.jo@aobell.com
aweb6506,April,Webster,49657 Jonathan Road Apt. 432,Port Lisa,Idaho,19196,a.webster@hmail.com
jmar9984,Jason,Martin,68834 Sara Ridges,Lake Donna,Georgia,82358,jasonmountain@themartins.com
jrod3432,Julie,Rodriguez,USS Reese,FPO AP 02226,Connecticut,09656,j.rodriguez@aobell.com
cwea6491,Cindy,Weaver,Unit 0931 Box 8896,DPO AA 29062,California,70443,c.weaver@theweavers.com
jtur1364,John,Turner,23944 Vasquez Valley,East Michael,Montana,75261,j.turner@theturners.com
msmi1497,Michael,Smith,USCGC Barrett,FPO AP 25411,Wyoming,78323,m.smith@hmail.com
mjon9331,Michelle,Jones,75515 Jamie Fields Apt. 612,Cristianbury,North Carolina,28333,captainjones@aobell.com
jman5798,Joshua,Manning,014 Willie Lodge Apt. 628,North Joshualand,Tennessee,04229,j.manning@themannings.com
hoco4404,Heidi,Oconnor,7904 Chad Roads Suite 329,Kendramouth,Oregon,33632,heidi.oc@theoconnors.com
bcar3568,Brian,Carter,430 Riley Shores,South Richard,North Dakota,90228,brian.ca@aobell.com
vgut7912,Victoria,Gutierrez,0873 Matthew Mission,West Henry,South Dakota,19231,victoria.gu@aobell.com
falv9243,Frank,Alvarado,652 Robertson Mills,Port David,Massachusetts,50607,f.alvarado@thealvarados.com
wmar6083,Whitney,Martinez,316 Barrett Islands,Johnsonchester,Montana,98358,admiralmartinez@aobell.com
nmil2097,Nancy,Mills,4362 Cheyenne Spur Apt. 027,Kimberlyburgh,Washington,28842,nancymills@coldmail.com
crod4801,Christopher,Rodgers,032 Jeanette Curve,Lake Stephen,Iowa,45622,christophermountain@coldmail.com
carn5580,Cynthia,Arnold,933 Reed Village Apt. 582,Ashleyfurt,Oregon,93447,cynthia.ar@hmail.com
dros6989,Derek,Ross,Unit 2610 Box 6166,DPO AA 50460,Missouri,78806,captainross@aobell.com
njam8549,Nathaniel,James,260 Gina Walks Apt. 411,Mackenziechester,Oklahoma,85935,n.james@thejamess.com
plop1713,Peter,Lopez,008 Campbell Ford,West Haleybury,Vermont,48196,awesomelopez@thelopezs.com
kbai2840,Kevin,Bailey,29004 Virginia Camp,New Judy,Washington,21395,kevincool@thebaileys.com
mbal6585,Matthew,Ballard,36776 Gregory Way Suite 721,Youngmouth,Iowa,80240,admiralballard@theballards.com
gpit8920,Gerald,Pittman,6125 William Inlet Apt. 423,Seanside,Minnesota,51761,gerald.pittman@coldmail.com
amit2366,Angelica,Mitchell,850 Jackson Vista,Reedfurt,Ohio,17384,angelica.mi@coldmail.com
mmos7330,Michelle,Moss,78771 Shaun Plains,Port Angela,North Carolina,71667,supermoss@hmail.com
rlop2099,Robin,Lopez,29465 Jones Path,Meganchester,Maine,35990,robinbear@hmail.com
kand3577,Kimberly,Anderson,PSC 1438,Box 5995,Arizona,76521,kimberly.anderson@theandersons.com
rmur9812,Regina,Murphy,95649 Gonzalez Curve Suite 253,Johnnyberg,Mississippi,14935,reginacool@aobell.com
jriv7628,Jessica,Rivera,0278 Ellis Rue,Port Zacharymouth,Ohio,75862,jessica.rivera@coldmail.com
rwes2064,Rebecca,West,76630 Jessica Forges,North Robertville,South Dakota,32968,rebecca.we@hmail.com
jcon7865,John,Conley,30848 Joseph Canyon Suite 709,East Jessica,Virginia,46557,johncool@hmail.com
dall5990,Dennis,Allen,75896 Davenport Junctions,Gutierrezchester,Nevada,42084,dennis.al@hmail.com
mdel1025,Michael,Delacruz,355 Nicole Mountain,South Charlesmouth,Iowa,58422,darthdelacruz@aobell.com
asmi1520,Anthony,Smith,84681 Collins Estate,Bryantville,Virginia,85716,generalsmith@thesmiths.com
mgeo2015,Michele,George,930 Miller Lock,Richardport,Rhode Island,99198,michelegeorge@hmail.com
bfis5912,Breanna,Fisher,13839 Chris Summit,Jennifermouth,Kentucky,33152,breanna.fi@thefishers.com
tgut1392,Timothy,Gutierrez,4459 Tracy Summit Suite 492,Raymondchester,Rhode Island,80777,timothy.gu@aobell.com
pmar1769,Parker,Marks,8389 Henderson Plaza Suite 088,Destinymouth,Arkansas,11101,parkermarks@hmail.com
aall8698,Angelica,Allen,45759 Gonzalez Corner,Port Kristin,Nevada,71927,admiralallen@theallens.com
jpop4846,Jessica,Pope,11810 Gilbert Hills,Brownchester,Georgia,05515,jessica.pope@thepopes.com
ddia4205,Denise,Diaz,3108 Turner Garden,New Johnstad,Florida,69726,denisediaz@thediazs.com
ddun2035,David,Duncan,742 Adams Falls,West Brandiborough,Montana,14051,david.duncan@coldmail.com
srob8763,Sandra,Roberts,32900 Justin Place,West Ericville,Wisconsin,69416,captainroberts@aobell.com
cwil8722,Christina,Williams,PSC 1037,Box 0419,Georgia,71022,c.williams@aobell.com
lmil9374,Lori,Miller,4391 Ramos Port,Ericmouth,Maryland,92470,lori.mi@aobell.com
amcm6525,Amy,Mcmahon,USCGC Williams,FPO AP 29772,Maryland,43915,amy.mc@hmail.com
rsco9451,Rick,Scott,USNS Knapp,FPO AP 34134,Alaska,39538,rickbear@thescotts.com
shal6927,Stephanie,Hall,215 Mariah Lodge Apt. 765,New Meredith,Pennsylvania,72055,stephanie.ha@aobell.com
pjoh4293,Pamela,Johnson,6456 Hoffman Fort,Williamsborough,Idaho,39234,pamelajohnson@thejohnsons.com
amoo2600,Andre,Moore,9556 Sarah Corner,Hardintown,Hawaii,84359,a.moore@hmail.com
mmar1102,Martha,Martinez,873 Harding Mews,East Rebecca,Ohio,32658,martha.martinez@themartinezs.com
ccoo7451,Carla,Cooper,66640 Martinez Circles Suite 263,Ashleytown,Alabama,30337,carla.cooper@aobell.com
dfit2266,Dawn,Fitzgerald,37930 Ryan Ways Apt. 152,Carolynfurt,Missouri,46641,dawn.fitzgerald@hmail.com
kban9440,Katie,Banks,51299 Taylor Point Apt. 118,Schultzburgh,Vermont,91528,katie.ba@thebankss.com
rwil7129,Rebecca,Williams,59258 Watkins Lakes Suite 445,Murphyville,Louisiana,83946,rebeccawilliams@aobell.com
jbro1996,Jill,Brown,388 Simpson Landing Suite 368,Smithborough,Wisconsin,87526,jillbrown@hmail.com
tand4201,Tammy,Andrews,532 Hodges Orchard Apt. 338,Lake Tammyburgh,Oklahoma,08434,t.andrews@theandrewss.com
jcar3195,Jeffrey,Carroll,504 Julie Center,Port Jeffreyside,Maryland,38539,j.carroll@thecarrolls.com
sriv3678,Sarah,Rivera,60570 Vaughn Stream Suite 630,West Mark,Montana,63132,sarahcool@coldmail.com
pben7724,Paul,Benitez,7665 Amanda Street Suite 723,Melissahaven,Wyoming,53307,paulbenitez@hmail.com
kbro2311,Kevin,Brown,748 Penny Plaza Suite 235,West Edward,New Mexico,36062,kevinbear@thebrowns.com
knas8004,Kimberly,Nash,Unit 5423 Box 7082,DPO AE 08857,Colorado,73573,k.nash@coldmail.com
dyou8200,David,Young,PSC 5966,Box 0179,California,75372,tinyyoung@theyoungs.com
jmoo6336,Joanna,Moore,00427 Rogers Valley Apt. 107,West Janice,Florida,36259,j.moore@aobell.com
ddal4198,Debra,Dalton,51692 Dixon Field,Kristinside,Montana,40415,debradalton@aobell.com
mhay7985,Megan,Hayes,5234 Kathryn Glen Suite 656,West Keithbury,Oklahoma,53347,megan.hayes@hmail.com
csta2954,Christina,Stanley,7586 Thompson Glens Suite 151,Lake Jamestown,Arizona,53838,christinastanley@thestanleys.com
eper2287,Ebony,Perkins,2406 Brian Islands Suite 349,Lake Christine,Iowa,63904,ebony.pe@theperkinss.com
mlon3620,Micheal,Long,282 Jessica Parks Suite 406,East Jessica,Maryland,58019,micheal.long@hmail.com
jbai3053,Judy,Bailey,008 Turner Orchard,East Raymond,Pennsylvania,30636,admiralbailey@thebaileys.com
jlew8842,Janet,Lewis,Unit 1790 Box 2488,DPO AP 41333,Hawaii,92066,j.lewis@thelewiss.com
wdoy9503,Whitney,Doyle,23510 Reyes Station Suite 566,Port Daleview,Louisiana,30924,whitney.doyle@hmail.com
shun8025,Sara,Hunt,43924 Alexandra Expressway Suite 181,East Melanie,Delaware,74857,sara.hunt@aobell.com
jsmi4422,Jennifer,Smith,65147 Gardner Glen Apt. 963,Port Martha,Hawaii,04411,jennifer.sm@hmail.com
bbro2509,Brittney,Brown,55331 Lloyd Square,Turnerfort,Virginia,84258,brittneybrown@coldmail.com
ncol7774,Nicole,Collins,500 Pamela Common Apt. 760,Jenniferbury,Colorado,67227,nicolecollins@hmail.com
jfie6519,Joyce,Fields,6454 Robin Shoals Suite 144,Leeside,Florida,87329,joyce.fields@thefieldss.com
dmar6653,Deborah,Martin,9203 Jennifer Stravenue,Lisamouth,Nebraska,92091,d.martin@hmail.com
mmit1025,Michelle,Mitchell,92744 Pacheco Freeway,West Philip,Connecticut,49369,michellemitchell@themitchells.com
nram5131,Norman,Ramirez,USNS Calderon,FPO AP 01196,Missouri,85858,norman.ramirez@coldmail.com
jmon2818,John,Montgomery,PSC 2049,Box 2704,Oregon,62126,j.montgomery@coldmail.com
tmor9215,Theresa,Morrison,9326 Elliott Gardens,New Philipshire,Arizona,09800,theresa.morrison@aobell.com
smen9412,Seth,Mendoza,1459 Myers Trace,Marilynport,Minnesota,32944,sethmendoza@themendozas.com
trey6558,Tyler,Reynolds,0527 Dominguez Parkway,Joelmouth,North Dakota,23742,generalreynolds@coldmail.com
jbar8683,Janet,Barnes,194 Walker Walk Suite 931,Thomasfort,Indiana,97314,tinybarnes@aobell.com
cmcl6848,Christine,Mclaughlin,248 Barker Plain Apt. 731,East Dianechester,Wyoming,28468,darthmclaughlin@coldmail.com
ehes6197,Emily,Hess,282 Gregory Mills Suite 913,Johnsonton,Minnesota,31793,emilycheese@coldmail.com
lsmi7969,Lindsey,Smith,05170 French Locks,Gomezfurt,Kansas,78806,lindsey.sm@coldmail.com
adav3857,Ana,Davidson,614 Laura Wells Suite 329,Lake Jacob,Hawaii,28189,anabear@hmail.com
mcar9227,Mary,Carter,8897 Barbara Greens,Jilliantown,California,72194,mary.carter@hmail.com
ccun7560,Cynthia,Cunningham,943 Michelle Junctions,Ortizbury,Oklahoma,41633,darthcunningham@thecunninghams.com
dmcd6788,David,Mcdonald,627 Lopez Estates,Meghanmouth,Utah,14476,david.mc@hmail.com
jyou3083,Jeremy,Young,092 Nicole Point Apt. 124,Karlaton,Georgia,41107,j.young@aobell.com
smor3010,Sharon,Morales,4646 Gordon Meadows Suite 938,North Annette,Kansas,73111,darthmorales@hmail.com
lher7553,Lisa,Hernandez,74942 Virginia Port Suite 660,Julianside,Ohio,10023,lisahernandez@coldmail.com
mmcc8026,Melissa,Mccall,413 Ortiz Plain Apt. 981,Jasonberg,Nebraska,12103,admiralmccall@coldmail.com
erui9690,Eric,Ruiz,4528 Jeffrey Village,Dukeborough,Georgia,13362,eric.ru@coldmail.com
rmur9136,Richard,Murray,692 Allen Park,Thomasmouth,Montana,89122,r.murray@aobell.com
mpau3395,Mary,Paul,1593 Ariana Estate Apt. 957,Bradborough,Maryland,17628,m.paul@aobell.com
jhen6098,Joseph,Henderson,2543 Rodriguez Pass,Craigburgh,Colorado,56397,joseph.henderson@thehendersons.com
amun2884,Alicia,Munoz,95657 Mendoza Inlet Apt. 303,Nicholston,Maryland,85082,alicia.mu@themunozs.com
jper5668,Jane,Perez,4886 Anderson Walk Apt. 150,Lake Matthew,Indiana,70216,janeperez@aobell.com
horr4478,Hannah,Orr,294 Erica Fall Suite 474,Lake Jean,Wisconsin,64573,hannah.or@coldmail.com
mwil8828,Michael,Williams,78756 Zoe Crescent,East Anthony,Kentucky,12725,michael.williams@aobell.com
nflo2454,Nicholas,Flores,PSC 4161,Box 0702,Arkansas,93623,nicholascheese@thefloress.com
ddye6812,Dawn,Dyer,49931 David Drive,East Troybury,Mississippi,02644,dawncool@thedyers.com
gmor2283,Gary,Morse,0670 Olivia Grove Apt. 873,West Matthewfort,Indiana,02881,awesomemorse@themorses.com
csal8966,Christopher,Salinas,98481 Patrick Rapid,Jenniferchester,Indiana,19860,christophersalinas@coldmail.com
bbut5486,Blake,Butler,840 Katie Port Apt. 252,Bensonside,Delaware,81665,b.butler@aobell.com
jwal3935,Justin,Wallace,826 Davis Field Suite 471,East Kenneth,Minnesota,55617,tinywallace@coldmail.com
krya6074,Katie,Ryan,579 Bruce Centers Apt. 902,North Lori,Virginia,73836,generalryan@hmail.com
lwhi4301,Lauren,White,4775 Kramer Locks Suite 842,Port Kimberlyfurt,Florida,10483,lauren.white@coldmail.com
nleb9624,Nichole,Leblanc,065 Moore Cove,Tanyaland,Hawaii,12032,nicholeleblanc@coldmail.com
eros7507,Elizabeth,Ross,PSC 3018,Box 5722,Tennessee,85770,elizabeth.ro@hmail.com
swhi8791,Stephanie,Whitehead,784 Olivia Views,West Cassandra,Pennsylvania,02503,superwhitehead@aobell.com
tlyo3249,Teresa,Lyons,70560 Adams Ridge Apt. 498,Mcdanielland,West Virginia,54906,admirallyons@thelyonss.com
mmun1195,Michael,Munoz,66904 Terri Port,Meghanchester,Utah,87843,michael.mu@coldmail.com
grow2652,Gregory,Rowe,6920 Jennifer Forest Apt. 281,West Kristyview,Alabama,09016,gregoryrowe@hmail.com
dbul9456,Daniel,Bullock,8130 Barton Track,Port Christophermouth,Arkansas,48102,danielreal@aobell.com
scra4901,Steven,Craig,975 Martinez Expressway Apt. 868,Rodriguezberg,Rhode Island,69376,steven.cr@aobell.com
jhar6089,Jasmine,Harrington,270 Doyle Circle Suite 279,Heatherfurt,Massachusetts,24585,awesomeharrington@aobell.com
dkel2521,Donna,Keller,479 Robin Grove Suite 386,New Lisa,Virginia,40163,donna.ke@hmail.com
kwil9188,Krystal,Wilson,3607 Daniel Park Suite 698,Hoopershire,Minnesota,33251,krystal.wi@thewilsons.com
dbow2450,Diana,Bowen,64126 Shawn Creek,New Robert,Indiana,50106,diana.bo@aobell.com
lsan8502,Lindsey,Sanchez,7433 Sherman Meadow Apt. 729,Richardport,Louisiana,56786,supersanchez@hmail.com
sewi3222,Shannon,Ewing,19638 Hunter Branch,Lake Charles,Washington,64432,shannoncool@theewings.com
sher4979,Sarah,Hernandez,553 Michael Mountain Apt. 780,North Briannastad,New Jersey,46035,superhernandez@thehernandezs.com
mpag8778,Michelle,Page,9868 Aaron Avenue,Port Troyville,Delaware,76573,michelle.page@coldmail.com
kper8867,Karen,Perez,03625 Norman Mount Suite 272,Byrdside,Delaware,02396,awesomeperez@coldmail.com
lric6584,Laura,Rich,35025 Gary Forges Suite 078,Rebeccamouth,Arizona,71596,laura.rich@hmail.com
ali9172,Alyssa,Li,PSC 2932,Box 1967,Wisconsin,15768,alyssa.li@hmail.com
dcha2206,Dawn,Chaney,31762 Carolyn Camp Apt. 602,Kyleland,Delaware,08456,d.chaney@thechaneys.com
lper9593,Lauren,Perez,8350 Robertson Haven Suite 533,North Robertbury,Tennessee,69994,lauren.perez@hmail.com
krey5605,Kenneth,Reynolds,099 Elizabeth Parks,East Ashleyberg,South Carolina,01648,kennethreynolds@hmail.com
cbar4950,Curtis,Barrett,59225 Peter Lane Apt. 195,Jenniferstad,Maine,14389,curtis.barrett@aobell.com
jcam1851,Jody,Campbell,719 White Points,Brownview,Oklahoma,59616,supercampbell@hmail.com
dmur5199,David,Murray,0365 Mathews Keys,North Roger,New Jersey,26349,d.murray@hmail.com
shol5610,Sheri,Holmes,0157 Parker Summit Apt. 101,Port Williamstad,Michigan,78727,shericool@theholmess.com
mand7309,Mary,Anderson,Unit 2259 Box 8563,DPO AA 59614,Arkansas,66525,mary.an@coldmail.com
pmar3305,Patricia,Marshall,534 Alexander Rapids,New Timothy,West Virginia,90179,patricia.ma@aobell.com
ahor8148,Alyssa,Horton,5083 Alexander Greens Apt. 336,North Antoniotown,Nevada,08077,a.horton@coldmail.com
vriv3104,Vincent,Rivera,84078 Brenda Haven Apt. 833,Hamptonton,Nebraska,56532,vincent.rivera@theriveras.com
jjen5207,Jacqueline,Jenkins,1700 Troy Cliff Suite 216,North Joseph,Mississippi,13451,jacqueline.je@coldmail.com
aowe9998,Adriana,Owen,191 Christopher Fork Apt. 129,West Catherineport,Arizona,28563,adriana.owen@coldmail.com
jsco1674,Jason,Scott,538 Marilyn Walks Suite 510,New Katherineport,Vermont,60801,awesomescott@thescotts.com
ssan1785,Samantha,Santana,41557 Alexander Court,Wagnerburgh,North Carolina,97843,samanthabear@coldmail.com
jarm6433,Jessica,Armstrong,001 Kristin Run,West Donnamouth,Kansas,40948,j.armstrong@coldmail.com
mgra2294,Megan,Graham,92305 Rebecca Hills Suite 027,South Lorraine,Idaho,69397,meganmountain@aobell.com
smoy1270,Stacey,Moyer,2299 Santos Gateway,Morganbury,Wisconsin,73582,captainmoyer@aobell.com
lwag7491,Linda,Wagner,207 Melissa Circles Apt. 153,Freemanbury,North Carolina,71959,l.wagner@hmail.com
bsmi8164,Brandy,Smith,0669 Jake Shores,New Josephside,Washington,45215,captainsmith@aobell.com
vgeo6154,Vicki,George,106 Patricia Hollow Suite 083,Williamsshire,Nebraska,26726,supergeorge@hmail.com
kfis5029,Kimberly,Fisher,4716 Pugh Corners,Romeroton,Illinois,99503,kimberly.fi@hmail.com
rwel5119,Richard,Wells,0450 Hayes Neck Apt. 741,Mileshaven,Utah,21835,richardbear@thewellss.com
mper9430,Michele,Perez,027 Leach Cape Suite 601,Mooreton,Wyoming,50746,admiralperez@theperezs.com
cmil2262,Courtney,Miller,7924 Nathan Union,West David,Connecticut,95863,courtneycool@aobell.com
wbro6652,Wendy,Brown,5246 Kimberly Dam,North Natalie,Louisiana,31415,wendy.br@coldmail.com
jdav9153,John,Davis,46194 Dustin Terrace Suite 736,East Cole,Kentucky,61093,generaldavis@thedaviss.com
jsmi4772,Jamie,Smith,792 Lance Extensions,Port Deborah,Kentucky,88101,j.smith@coldmail.com
kand2090,Karen,Anderson,60904 Duane Lock Suite 628,East Jasmineview,Kentucky,72899,superanderson@hmail.com
ecla8075,Erin,Clark,096 Daniel Terrace,South Michaelside,New Jersey,69638,tinyclark@coldmail.com
kowe9551,Kim,Owens,149 Kevin Mall Suite 847,Brownstad,Oklahoma,45054,kim.owens@theowenss.com
jgar5675,Joseph,Garcia,69021 Kimberly Spring Suite 477,North Christianport,Delaware,46147,j.garcia@thegarcias.com
egal8921,Edward,Gallegos,9522 Melissa Bypass Suite 376,West Georgehaven,Connecticut,45701,e.gallegos@hmail.com
msul8385,Megan,Sullivan,9018 Jason Flat Apt. 468,Leeberg,Wyoming,15625,generalsullivan@aobell.com
mben3553,Michael,Benitez,0304 Anna Harbors Suite 427,West Jessica,Louisiana,47947,michaelcool@aobell.com
mkin7501,Madison,King,USNS Richards,FPO AA 04964,Wisconsin,84488,madison.king@thekings.com
mbis9431,Morgan,Bishop,5848 John Manors,West Christopherhaven,New York,41895,darthbishop@thebishops.com
ksta1274,Kim,Stanley,35717 Scott Fort Suite 349,Murphyton,West Virginia,66287,kimstanley@coldmail.com
vall4734,Veronica,Allen,218 Stephanie Viaduct,Margaretfort,Florida,49949,v.allen@hmail.com
krob8506,Karen,Robinson,12256 Allen Burgs,Elizabethberg,Maryland,68050,karen.ro@aobell.com
tle2269,Tiffany,Le,USNS Padilla,FPO AA 55962,Texas,40135,tiffanycool@coldmail.com
dpri6412,Douglas,Price,618 Thomas Via Apt. 672,Hullview,Nevada,40726,douglasreal@aobell.com
kfis1786,Kristina,Fisher,05976 Elizabeth Mews,Stephenburgh,Ohio,13549,kristina.fi@thefishers.com
bjon5891,Beverly,Jones,81682 Vargas Branch Apt. 194,Kaylachester,Michigan,09945,beverlyjones@coldmail.com
dbro6835,David,Brooks,7392 Tiffany Station,Lake Andreatown,Missouri,73761,david.br@hmail.com
mfox4556,Monique,Fox,6055 Palmer Fall Apt. 705,Rodriguezville,Arkansas,16584,generalfox@thefoxs.com
jfos4234,John,Foster,3019 Cory Gateway,South Harryfurt,Montana,84391,johnbear@coldmail.com
msan8729,Mary,Sanders,PSC 8769,Box 2824,North Dakota,47294,marycool@coldmail.com
nyan4627,Nicole,Yang,Unit 5544 Box 0463,DPO AP 86752,Colorado,63140,n.yang@theyangs.com
lgut4688,Lisa,Gutierrez,6183 Jones Street Apt. 084,New Erin,Indiana,85742,lisagutierrez@coldmail.com
jhuy3500,Jonathan,Huynh,645 Adrian Run,Lake Jackhaven,Louisiana,45783,jonathan.huynh@coldmail.com
mdun4867,Michael,Duncan,Unit 5718 Box 8153,DPO AA 91056,Florida,90781,superduncan@coldmail.com
nsha2152,Natalie,Shaw,Unit 3204 Box 1884,DPO AA 64886,Texas,51927,n.shaw@theshaws.com
jmit6003,Jason,Mitchell,016 Rosales Station Apt. 354,South Davidhaven,New Mexico,58434,jasoncheese@coldmail.com
jedw2664,Joshua,Edwards,5499 Cooley Walk,Gilbertview,Vermont,24886,joshuaedwards@hmail.com
tvel1033,Tracy,Velasquez,05797 Katherine Harbors Apt. 187,Michaelshire,Utah,05898,tracybear@thevelasquezs.com
dmil1133,Dwayne,Miller,323 Lester Brook Apt. 339,Stanleychester,Rhode Island,87007,admiralmiller@coldmail.com
tgil9378,Tiffany,Gill,USNS Duncan,FPO AP 11242,Montana,44828,tiffany.gill@coldmail.com
thof6289,Terrence,Hoffman,2641 Thomas Camp Suite 633,South Johnchester,Indiana,09405,awesomehoffman@hmail.com
scoo4798,Sandra,Cooke,928 Monique Orchard Apt. 716,Olsonberg,West Virginia,27194,sandra.co@aobell.com
cwal8485,Christina,Walton,USCGC Jordan,FPO AE 47300,West Virginia,99067,christinareal@thewaltons.com
agat9258,Ana,Gates,265 Morris Light,Sotoberg,South Carolina,87060,ana.gates@thegatess.com
ther6327,Tamara,Hernandez,917 Bishop Junctions,Collinsport,Rhode Island,15511,generalhernandez@hmail.com
aatk2243,Alexandria,Atkins,555 Michelle Via,North Kevinland,Utah,72809,a.atkins@hmail.com
mdun4340,Molly,Duncan,Unit 4580 Box 8251,DPO AP 21560,Alaska,10072,molly.du@aobell.com
cwea9279,Christian,Weaver,Unit 6457 Box 5553,DPO AA 76647,Arkansas,00856,superweaver@hmail.com
kpat9145,Kimberly,Patel,54567 Marissa Ports Suite 646,North Lisabury,Maine,10578,kimberlypatel@hmail.com
dlop3126,Dana,Lopez,6659 Daniel Cliff Apt. 460,Jasonburgh,Arkansas,97425,d.lopez@aobell.com
lwal2965,Lisa,Wall,4835 Kyle Park Suite 447,Jerryshire,Georgia,24122,lisamountain@coldmail.com
calv3325,Charles,Alvarez,Unit 4632 Box 2546,DPO AP 83293,South Carolina,71415,charlesbear@thealvarezs.com
ctay4698,Carla,Taylor,694 Richard Inlet Apt. 590,Jeffreybury,Montana,56832,c.taylor@hmail.com
chub3411,Connor,Huber,14868 April Ferry Suite 714,Evansside,Michigan,39969,connorcheese@thehubers.com
jric9823,Jenna,Richard,11561 David Gateway Suite 673,West Autumn,New York,25993,jennarichard@coldmail.com
atho3244,Amy,Thompson,6787 Cortez Corners,Lake Mark,Montana,82751,amyreal@aobell.com
ksan1180,Katherine,Sanchez,643 Douglas Gateway Suite 581,Angelafurt,Louisiana,55804,k.sanchez@hmail.com
nand7780,Nicholas,Anderson,Unit 7999 Box 3692,DPO AE 26682,Wisconsin,95057,awesomeanderson@coldmail.com
ahen6264,Amber,Henry,56993 Kara Run,Lake Clintonshire,Colorado,08024,amberreal@coldmail.com
tlam9190,Timothy,Lambert,09663 Andrea Points Suite 559,Pearsonton,Wyoming,06975,t.lambert@aobell.com
twal8832,Travis,Walsh,748 Courtney Place,Cindyview,New Jersey,48253,traviswalsh@coldmail.com
mwil3289,Michael,Williamson,279 Moore Court Apt. 364,Johnshire,Kentucky,86369,michael.wi@aobell.com
salv3306,Susan,Alvarado,31435 Smith Lights Suite 592,North Morgan,Utah,77994,susan.alvarado@coldmail.com
bher4277,Brett,Hernandez,39327 Gerald Highway,Port Juan,Virginia,38717,admiralhernandez@thehernandezs.com
mhar3916,Michelle,Harmon,06739 Kathleen Extensions,Jonesfort,North Dakota,13371,michelle.harmon@aobell.com
dgar7392,Dawn,Garcia,095 Michael Fork Apt. 843,Hannahfort,Alabama,75154,supergarcia@hmail.com
wcru1431,William,Cruz,134 Zhang Common Suite 989,Port Julieview,Rhode Island,03194,william.cruz@aobell.com
dspe2691,Deborah,Spears,3724 Melissa Drives,Lake Tiffanyville,Arkansas,59297,deborahspears@aobell.com
pwil7714,Pamela,Williamson,0552 Rebecca Spurs,Lindastad,Georgia,91706,p.williamson@thewilliamsons.com
mmit3140,Matthew,Mitchell,8645 Michelle Harbors Apt. 785,Mooreview,New Jersey,01626,matthew.mi@hmail.com
jhow4835,Jennifer,Howard,4243 Christopher Keys Suite 421,Lake Jacob,North Dakota,09268,admiralhoward@thehowards.com
jowe7247,Jamie,Owens,37674 Perry Locks,Kingmouth,South Carolina,28817,jamie.owens@theowenss.com
aray8387,Amanda,Raymond,0092 James Summit,Durhamhaven,West Virginia,49515,amanda.ra@theraymonds.com
wmue9314,Wayne,Mueller,394 Joseph Ford,Joyceberg,Delaware,14363,w.mueller@coldmail.com
amil3350,Anthony,Miller,USCGC Harrington,FPO AP 94340,Pennsylvania,16722,anthonybear@themillers.com
jmas5077,Jonathan,Mason,66319 Bonnie Avenue Apt. 897,South Robertomouth,Illinois,26103,jonathan.ma@hmail.com
ebro9619,Erika,Brown,5959 Wong Mountains,Robinfort,Louisiana,35097,erika.br@hmail.com
hand3623,Heather,Anderson,269 Andrews Pines,West Hollyfurt,Virginia,51121,heathercool@aobell.com
sste1884,Susan,Stephens,39226 Sarah Vista,West Garymouth,Washington,11169,s.stephens@hmail.com
eloz3680,Evelyn,Lozano,02457 Brenda Spring Suite 560,Annachester,Colorado,06338,evelyn.lo@thelozanos.com
jcum6405,John,Cummings,Unit 6257 Box 9072,DPO AP 93340,Alaska,12661,captaincummings@coldmail.com
kflo1916,Katelyn,Floyd,74160 Carol Canyon,Markborough,Idaho,55955,superfloyd@coldmail.com
dlop3531,Diana,Lopez,848 Perry Landing,Mckayfurt,Alabama,01174,diana.lopez@coldmail.com
crob9119,Catherine,Robertson,7153 Crystal Courts Apt. 733,East Roy,Oklahoma,28008,catherinerobertson@hmail.com
bluc9433,Brittany,Lucas,65021 Cook Isle Suite 446,Richardsonchester,Georgia,07902,b.lucas@thelucass.com
wand9726,William,Anderson,063 Miller Creek,Sanchezton,Tennessee,27154,williamanderson@theandersons.com
cmos9842,Christopher,Moss,20451 Michael Row Apt. 937,South Paulton,Georgia,24334,awesomemoss@hmail.com
amil7526,Amber,Miles,073 Hart Drive Suite 399,New Elizabethfurt,Maryland,38614,amber.miles@hmail.com
eboy6635,Elizabeth,Boyer,USS Carr,FPO AA 63366,Wyoming,04484,tinyboyer@aobell.com
lcox5299,Lisa,Cox,59958 Dawn Drive,Donnamouth,Utah,86380,lisacheese@hmail.com
kher2249,Kyle,Hernandez,USNV King,FPO AP 44770,North Carolina,66165,kyle.he@thehernandezs.com
dcol1230,Danielle,Coleman,551 Barker Mews,Desireemouth,Nevada,12681,danielle.co@aobell.com
jros3523,Jennifer,Rose,515 Rivers Island,Weeksmouth,Minnesota,69864,jennifer.ro@coldmail.com
rrey1555,Rebecca,Reynolds,257 Calhoun Skyway Apt. 306,North Lindsayport,Ohio,57854,rebeccareynolds@coldmail.com
amil6751,Adrian,Miller,3718 Velasquez Village,Russellberg,Minnesota,66240,adrian.mi@coldmail.com
blan9799,Brian,Landry,79451 Davis Brook,Simsfort,North Dakota,69999,brian.la@aobell.com
csco7441,Christy,Scott,469 Brianna Drive,Lake Stacy,Maine,70840,darthscott@coldmail.com
dcru5705,Donald,Cruz,682 Dixon Estates Apt. 651,South Lisa,Nevada,17744,donald.cr@coldmail.com
mleo4036,Michael,Leonard,810 Heather Course,Robertfurt,Hawaii,08869,tinyleonard@hmail.com
wsim3197,Whitney,Sims,USS Garcia,FPO AA 02735,Texas,34422,w.sims@thesimss.com
snel3815,Susan,Nelson,4384 Fitzgerald Bridge,Lake Cynthia,Louisiana,06850,darthnelson@thenelsons.com
dwon4823,Donna,Wong,USS Boone,FPO AE 54381,New Mexico,71934,darthwong@aobell.com
dnor7070,David,Norris,USCGC Martinez,FPO AA 13002,Oklahoma,63479,tinynorris@thenorriss.com
jmcd8118,Jennifer,Mcdowell,59314 Stacey Roads Suite 909,Justinland,Connecticut,58921,jennifer.mc@hmail.com
bjos5216,Brittany,Joseph,5515 Williams River,East Robertport,Florida,66428,brittanyjoseph@thejosephs.com
lmck9779,Leah,Mckay,00238 Ryan Mountains,Lynchview,Hawaii,79343,leahmountain@aobell.com
cmor9473,Connie,Moreno,79264 Dawn Key,New Andreaville,Colorado,80158,c.moreno@hmail.com
jdix7576,Jeffrey,Dixon,5115 Veronica Run,East Stevenburgh,Washington,88258,admiraldixon@coldmail.com
hjoh5207,Heidi,Johnson,964 Hernandez Forks Apt. 920,New Aaron,Kentucky,74275,heidi.jo@hmail.com
ewil4617,Edward,Williamson,8842 Christine Circles Suite 229,South Robert,Alaska,44353,edward.williamson@coldmail.com
krus4115,Kathryn,Rush,2184 Franklin Shoal,North Gary,New Hampshire,54736,captainrush@hmail.com
mham7326,Michael,Hammond,66858 Fernandez Camp Suite 320,Patelshire,Florida,76687,michael.hammond@hmail.com
mmcg6983,Michelle,Mcgee,7730 Bill Ridge,East Amy,Nevada,76674,michellemcgee@aobell.com
mros1444,Mitchell,Ross,USS Bender,FPO AE 51415,Kentucky,64170,mitchellross@hmail.com
dsin8637,Diana,Singh,798 Gary Canyon,Wilsonburgh,Utah,05116,diana.singh@thesinghs.com
aedw9273,Aimee,Edwards,USNV Rodriguez,FPO AP 86355,Colorado,61111,aimee.edwards@coldmail.com
cnun8616,Cynthia,Nunez,2345 Kayla Vista,Richfurt,Washington,71055,cynthia.nunez@coldmail.com
mbak4466,Monica,Baker,6725 Marisa Valley Apt. 291,Huntborough,Wyoming,12748,monica.baker@thebakers.com
bkle6259,Bryan,Klein,151 Young Walks Apt. 990,East Garrett,Tennessee,13364,bryan.kl@aobell.com
afit3147,Amy,Fitzgerald,9603 Ortega Dam,West Cynthia,West Virginia,69823,amyfitzgerald@thefitzgeralds.com
stay8715,Shelby,Taylor,153 John Wells,Brooksside,Connecticut,23135,s.taylor@hmail.com
crow6432,Chelsea,Rowland,47451 Mcfarland Ferry Suite 243,Garciahaven,Missouri,12308,chelsea.ro@coldmail.com
aand9878,Amy,Anderson,41463 Kelly Street,Wilkinsonshire,California,48542,amy.anderson@coldmail.com
jgal7172,Jennifer,Gallegos,783 April Ville Suite 124,Heatherhaven,Illinois,42810,jennifer.ga@thegallegoss.com
jgre8864,Jose,Green,4137 Robert Bridge Apt. 534,Lake Brianview,Pennsylvania,10976,j.green@thegreens.com
kcan8151,Kaylee,Cantu,23371 Wendy Branch Suite 782,Ramseyhaven,Louisiana,42374,kaylee.ca@aobell.com
slan2914,Shane,Lane,43812 Mcdowell Parkways,Hunterfurt,Virginia,03430,shanelane@coldmail.com
shol8086,Sandra,Holmes,Unit 1363 Box 6458,DPO AA 74073,Kansas,15546,sandraholmes@coldmail.com
jhal2608,Joshua,Hall,514 Hawkins Pass,New Brittney,Oklahoma,95251,joshua.hall@thehalls.com
nmor7300,Nathan,Morales,014 Green Locks Suite 834,Rogerschester,Alabama,43080,generalmorales@aobell.com
rbro3757,Robin,Brown,1066 Angela Views,Amberview,West Virginia,12276,robin.br@hmail.com
sste1314,Shari,Stevens,022 Holder Radial,New Colton,Wyoming,23422,sharicool@aobell.com
calv2335,Christopher,Alvarez,1413 Eric Wall,Williamsview,Nebraska,64801,christopher.al@hmail.com
mjon7821,Marie,Jones,297 Wilson Turnpike Apt. 598,South Michaelville,Missouri,72887,m.jones@thejoness.com
lmor2394,Lindsey,Morris,1560 Harris Village Apt. 362,South Meganchester,South Dakota,86430,lindsey.mo@aobell.com
hgon9237,Hannah,Gonzalez,2565 Simmons Tunnel,South Cole,Connecticut,21127,hannahcheese@coldmail.com
cdav8416,Cassandra,Davis,897 Brittany Tunnel Apt. 865,Smithside,Oregon,58963,cassandra.davis@aobell.com
mwel9476,Michelle,Welch,95419 Jason Camp,Kennethton,Arizona,30405,michellewelch@coldmail.com
wtra5021,William,Travis,951 Marisa Squares,Stephensview,Illinois,64515,admiraltravis@thetraviss.com
dbon7491,Donna,Bonilla,3862 Wells Hill Apt. 606,Port Nicole,Wisconsin,28950,donna.bonilla@hmail.com
cjoh7645,Carlos,Johnson,75190 Cynthia Inlet,West Vanessa,Massachusetts,02097,c.johnson@coldmail.com
mell6400,Melanie,Ellis,33768 Gordon Cliff,Brandonstad,Nevada,31043,m.ellis@hmail.com
jboy2026,John,Boyer,20885 Branch Street Suite 740,Wrightshire,Connecticut,94790,johnboyer@coldmail.com
dcoo2493,Deborah,Cooper,464 Pierce Route Suite 418,Port Danielfort,Alaska,10032,generalcooper@aobell.com
ovel1564,Olivia,Velasquez,60441 Frank Trafficway Suite 237,Tylerstad,Minnesota,80454,olivia.ve@hmail.com
dcam8272,Denise,Camacho,USNS Case,FPO AE 12832,California,42889,denise.ca@aobell.com
trho9239,Thomas,Rhodes,73114 Hayley Throughway Suite 874,Lopezborough,Oklahoma,23077,t.rhodes@aobell.com
ltor5213,Lisa,Torres,419 Cynthia Plain Suite 959,East Nicole,Vermont,54028,l.torres@coldmail.com
csco2188,Cheryl,Scott,USNV Brown,FPO AE 50034,West Virginia,78431,cheryl.scott@coldmail.com
rhay7239,Rebecca,Hays,2653 James Dale Suite 959,Port Diana,Colorado,56339,rebecca.hays@thehayss.com
tgre3475,Tiffany,Green,PSC 3101,Box 6536,California,41425,tiffanybear@hmail.com
kcha6215,Kevin,Charles,151 Merritt Skyway Suite 467,Lake David,Idaho,82090,admiralcharles@hmail.com
phun6305,Phyllis,Hunt,9482 Cook Forks Suite 775,Greenshire,Maine,98174,phyllishunt@thehunts.com
sshe4756,Sandra,Sherman,2263 Moss Rapids,North Codymouth,Maine,91029,s.sherman@aobell.com
gjoh2496,Gabriel,Johnson,9447 Daniel Pass Apt. 876,Timothychester,Mississippi,14748,tinyjohnson@thejohnsons.com
jdoy4602,Jonathan,Doyle,88670 Samantha Drives,Marthaton,Illinois,67229,jonathanreal@thedoyles.com
ehug9433,Erin,Hughes,277 Turner Ports,New Jessicaland,Florida,17036,erinhughes@thehughess.com
rcur4033,Randall,Curtis,4627 Riley Key,East Danielburgh,Oklahoma,97360,randall.cu@aobell.com
aand5380,Amber,Anderson,70243 Collins Manors Suite 922,Gregoryview,Georgia,07289,superanderson@aobell.com
aram2261,Andrew,Ramirez,84593 Maldonado Turnpike,Samanthaberg,Mississippi,51700,andrew.ra@hmail.com
lper1920,Laura,Perry,PSC 3659,Box 8294,Alaska,34478,laura.perry@theperrys.com
lwil8274,Laura,Wilkinson,4585 Cochran Summit,Vanessaport,Oklahoma,12670,laurawilkinson@thewilkinsons.com
bcol3458,Brandon,Colon,21461 Margaret Villages,East Joshua,South Dakota,83287,brandoncheese@aobell.com
srus2548,Sabrina,Russell,32584 Adrian Parkways Apt. 774,East Williamfurt,North Dakota,17264,admiralrussell@hmail.com
lcla7714,Lindsey,Clark,77294 Joel Inlet Suite 049,Lake Joseph,Oklahoma,03551,lindsey.clark@theclarks.com
jall3101,James,Allen,998 Strickland Inlet,Lake Sara,Idaho,61055,jamesreal@coldmail.com
nrho9967,Nicole,Rhodes,04606 Smith Field,Port Sarah,Arizona,50947,nicole.rh@coldmail.com
hgom4367,Holly,Gomez,Unit 7336 Box 4448,DPO AA 37389,Washington,34612,hollybear@coldmail.com
joli6605,Jamie,Oliver,581 William Turnpike,Webbton,Maine,92209,generaloliver@coldmail.com
vmay2224,Victoria,Mayer,USNV Snow,FPO AP 24345,Alabama,49124,victoria.ma@coldmail.com
mwag2653,Matthew,Wagner,0276 Anthony Mission,West Stevenberg,North Carolina,11693,matthew.wa@thewagners.com
cali1385,Christina,Ali,720 Cooper Trail,New Davidhaven,Ohio,69161,christinareal@hmail.com
jodo2880,Jennifer,Odonnell,83375 Glenn Trail Apt. 206,Lindseymouth,California,70550,jenniferodonnell@aobell.com
irob7634,Isaac,Robertson,892 Cantu Fort Apt. 846,Port Joseph,Massachusetts,17182,superrobertson@coldmail.com
dcra5990,David,Craig,1708 Gregory Rue Apt. 433,Kathyland,Tennessee,29235,davidcraig@hmail.com
cwil6500,Cody,Wiley,PSC 3170,Box 2086,Tennessee,21826,codywiley@aobell.com
tlun1478,Teresa,Luna,51321 Snyder Glens Apt. 830,North Mario,New Hampshire,06951,teresaluna@coldmail.com
khil3134,Kelsey,Hill,6810 Doyle Overpass Suite 669,Sarahfurt,Kansas,72907,k.hill@thehills.com
nhub3537,Nicole,Huber,78830 Carrie Track Suite 368,Port Johnstad,Idaho,67924,n.huber@hmail.com
bcas9671,Bradley,Castillo,PSC 1394,Box 3148,New Jersey,44763,bradleybear@aobell.com
rwri4094,Raven,Wright,USCGC Parker,FPO AA 94355,North Dakota,35469,r.wright@aobell.com
tlin2039,Tyler,Lin,Unit 8557 Box 4957,DPO AA 27449,Iowa,16439,tyler.lin@coldmail.com
ddav7129,Dana,Davis,26034 George Cliffs,Kevintown,North Carolina,19073,dana.da@hmail.com
koli8364,Kimberly,Oliver,516 Wendy Brooks,Carlaville,Idaho,73014,kimberly.ol@hmail.com
msan4865,Melissa,Santana,330 Whitney Track,East Christine,Vermont,27921,melissasantana@coldmail.com
zgil6319,Zachary,Gilmore,2548 Jackson Forges Suite 489,North Sophiamouth,Montana,52688,zacharygilmore@aobell.com
cste6832,Cindy,Steele,73673 Lopez Mountain Suite 425,Matthewfort,Michigan,04711,c.steele@aobell.com
jdel4737,John,Delgado,7164 Hernandez Summit,Lake Jennifer,North Dakota,09616,johndelgado@thedelgados.com
jell5225,Jamie,Ellison,2877 Stewart Turnpike Suite 903,North Kimberlyton,West Virginia,86963,jamie.ellison@hmail.com
afis8524,April,Fisher,12195 Johnson Crossroad Suite 151,West Michael,Nebraska,20494,aprilcheese@coldmail.com
cmej1814,Colin,Mejia,7627 Shannon Corners,South Josephfurt,Washington,50356,colin.me@themejias.com
khar9597,Kristin,Harvey,1570 Dixon Mill Apt. 565,Cervantesburgh,Illinois,69016,kristinmountain@theharveys.com
ador4325,Amy,Dorsey,59233 Benton Points,Brianfort,Iowa,16269,amy.dorsey@coldmail.com
ldav8237,Lisa,Davis,58480 Barnes Views,West Kennethfurt,Arizona,48855,lisabear@hmail.com
sbur3391,Steven,Burke,6040 Kemp Plains,South Matthewmouth,Oklahoma,97320,steven.bu@hmail.com
rdav1986,Renee,Davies,9746 Hall Unions Suite 069,East Raymondton,Pennsylvania,61168,reneereal@thedaviess.com
kkel5460,Kristopher,Kelly,62913 Serrano Springs Apt. 350,Lake Lisa,Connecticut,26739,superkelly@hmail.com
snel3725,Stephanie,Nelson,7772 Cassidy Islands Suite 928,West Hannahtown,Arkansas,93529,generalnelson@aobell.com
dwil6760,Debbie,Wilkins,51121 Wood Branch,Lake Marie,Rhode Island,56342,debbiewilkins@aobell.com
csmi2775,Cameron,Smith,073 Robinson Bypass Suite 309,Mckinneyside,Colorado,51937,cameroncool@coldmail.com
show1301,Sarah,Howard,202 Harris Turnpike Apt. 771,Jonesport,Minnesota,85984,s.howard@thehowards.com
jhut1948,Jeremy,Hutchinson,535 Kevin Rapid,Smithhaven,Utah,03167,jeremy.hu@aobell.com
rwil7408,Raymond,Wilson,Unit 7782 Box 9198,DPO AP 60976,Kansas,49943,r.wilson@coldmail.com
rbro1621,Rebecca,Brown,4366 Johnson Isle,Carpenterberg,Kentucky,31413,rebecca.brown@hmail.com
kmil6371,Karen,Miles,2066 Janice Burg,Debrabury,North Carolina,83420,k.miles@coldmail.com
bram7960,Brian,Ramirez,966 Edward Plaza Suite 255,New Terri,Alaska,78389,brianramirez@aobell.com
amor7582,Angel,Morgan,91238 Martin Corner,South Maryhaven,Maine,03803,darthmorgan@themorgans.com
jpit1431,Jeffrey,Pitts,138 Rivera Expressway Suite 592,Juanberg,Illinois,66751,j.pitts@hmail.com
rsul5563,Rhonda,Sullivan,6210 Butler Rapid,Michaelburgh,Oklahoma,63795,rhonda.su@coldmail.com
mmye2403,Melissa,Myers,1343 Mcintosh Lock Suite 564,Kristinaport,Texas,97338,melissamyers@hmail.com
nsmi9153,Nicole,Smith,1638 Marcus Ports Apt. 521,Joehaven,Missouri,31347,awesomesmith@thesmiths.com
rhic1788,Robert,Hickman,3109 Robinson Orchard,Millerville,Kentucky,37599,robert.hickman@aobell.com
nrob4630,Nicole,Robinson,34835 Anderson Mews,Robertview,Vermont,28971,tinyrobinson@aobell.com
jwil9231,Jeremy,Wiley,0335 Lindsey Wells,Matthewport,Rhode Island,98804,jeremy.wi@hmail.com
wtho7555,Wesley,Thompson,USNS Lopez,FPO AA 29764,Wisconsin,69884,wesleycheese@hmail.com
thic1956,Tiffany,Hicks,479 Davis Unions Apt. 098,Kyleton,Georgia,99176,tiffanyhicks@coldmail.com
rsan2676,Ryan,Sanchez,6512 Jennifer Fork Apt. 808,Port Caitlinberg,Ohio,09730,ryansanchez@thesanchezs.com
ccas5820,Christopher,Castillo,06383 Hinton Crossroad Apt. 725,Matthewborough,Washington,77722,christopher.castillo@hmail.com
mhou6737,Melanie,Houston,874 Christopher Burgs Suite 996,New Jasmine,Delaware,88152,melanie.ho@thehoustons.com
eguz4449,Erin,Guzman,4842 Shaw Forest Apt. 439,Port Steven,Maryland,91549,eringuzman@coldmail.com
tjoh9664,Tammie,Johnson,55060 Jennifer Springs Suite 830,East Taylor,South Carolina,52486,admiraljohnson@thejohnsons.com
cbur5085,Chelsea,Burton,USS Martinez,FPO AE 28678,Montana,53997,c.burton@hmail.com
ccon2763,Christine,Contreras,202 John Station Apt. 682,Edwardsfurt,New Jersey,84061,awesomecontreras@aobell.com
akle5904,Alexa,Klein,49628 Pena Point Suite 893,Jessicaside,West Virginia,35105,alexa.klein@coldmail.com
awhi5708,Amy,Whitehead,96922 Ponce Green,South Christophershire,Iowa,26049,amy.whitehead@aobell.com
kper4575,Katherine,Perez,1639 Dunn Forest,South Diane,Vermont,83460,k.perez@coldmail.com
sand7849,Sandra,Anderson,83093 Crystal Cliff Suite 246,South Tiffany,Montana,24018,sandra.an@hmail.com
psno9136,Paula,Snow,259 Jeremy Creek,Beasleyside,Colorado,42363,p.snow@thesnows.com
jmey1704,Joshua,Meyer,6413 Christopher Passage Suite 218,New Samantha,Tennessee,13152,joshuamountain@themeyers.com
jriv3887,Jacqueline,Rivera,9748 Eddie Walks Suite 495,Matthewmouth,Oklahoma,21044,jacquelinerivera@coldmail.com
jedw3432,Jerry,Edwards,6329 Ortiz Motorway,East Elizabethstad,Kansas,42075,captainedwards@aobell.com
jjar8909,Jamie,Jarvis,PSC 4906,Box 5727,Hawaii,50681,j.jarvis@hmail.com
wlew7759,William,Lewis,40442 Shane Way Suite 404,Millerchester,New Hampshire,50934,williammountain@thelewiss.com
akel5596,Antonio,Kelley,548 Dana Lodge,Paulberg,Oregon,64500,a.kelley@thekelleys.com
ccol6853,Corey,Collins,68364 Phillip Centers,Port Nicolas,Maine,65489,c.collins@thecollinss.com
rhar3031,Rachel,Harris,1541 Stone Square Apt. 418,Griffithmouth,Georgia,51901,r.harris@hmail.com
mlaw9603,Misty,Lawrence,PSC 7586,Box 5946,South Dakota,33980,misty.lawrence@coldmail.com
tdan7635,Tina,Daniel,30459 Johnson Parks Apt. 409,Lake Rachelview,Arizona,57418,awesomedaniel@aobell.com
ktay1013,Karina,Taylor,24361 Ricky Bypass,Clarkshire,Indiana,21218,captaintaylor@hmail.com
acla2702,Alexis,Clayton,PSC 2754,Box 2194,Alaska,96631,alexisbear@aobell.com
